"strategy","v1trans","v2trans","vUptake","relax","R0","virus","other"
"Aggressive Elimination",50,50,60,0,2.5,6.62,275.52
"Aggressive Elimination",50,50,60,0,3.125,9.93,432.57
"Aggressive Elimination",50,50,60,0,3.75,15.16,639.79
"Aggressive Elimination",50,50,60,1,2.5,8.15,70.24
"Aggressive Elimination",50,50,60,1,3.125,15.2,166.84
"Aggressive Elimination",50,50,60,1,3.75,26.88,412.19
"Aggressive Elimination",50,50,75,0,2.5,5.53,262.51
"Aggressive Elimination",50,50,75,0,3.125,8.43,408.86
"Aggressive Elimination",50,50,75,0,3.75,12.86,603.9
"Aggressive Elimination",50,50,75,1,2.5,6.57,66.84
"Aggressive Elimination",50,50,75,1,3.125,11.84,142.3
"Aggressive Elimination",50,50,75,1,3.75,21.42,377.39
"Aggressive Elimination",50,50,90,0,2.5,4.71,248.22
"Aggressive Elimination",50,50,90,0,3.125,6.78,365.46
"Aggressive Elimination",50,50,90,0,3.75,11.52,605.49
"Aggressive Elimination",50,50,90,1,2.5,5.36,65.91
"Aggressive Elimination",50,50,90,1,3.125,9.11,128.75
"Aggressive Elimination",50,50,90,1,3.75,17.04,328.54
"Aggressive Elimination",50,75,60,0,2.5,6.01,254.49
"Aggressive Elimination",50,75,60,0,3.125,9.14,405.7
"Aggressive Elimination",50,75,60,0,3.75,14.18,623.66
"Aggressive Elimination",50,75,60,1,2.5,7.06,68.42
"Aggressive Elimination",50,75,60,1,3.125,12.51,148.88
"Aggressive Elimination",50,75,60,1,3.75,22.67,354.14
"Aggressive Elimination",50,75,75,0,2.5,5.1,235.24
"Aggressive Elimination",50,75,75,0,3.125,7.65,380.05
"Aggressive Elimination",50,75,75,0,3.75,11.65,578.98
"Aggressive Elimination",50,75,75,1,2.5,5.71,66.94
"Aggressive Elimination",50,75,75,1,3.125,9.45,133.6
"Aggressive Elimination",50,75,75,1,3.75,17.27,315.65
"Aggressive Elimination",50,75,90,0,2.5,4.18,220.66
"Aggressive Elimination",50,75,90,0,3.125,6.1,327.06
"Aggressive Elimination",50,75,90,0,3.75,10.25,552.47
"Aggressive Elimination",50,75,90,1,2.5,4.54,66.35
"Aggressive Elimination",50,75,90,1,3.125,7.28,128.74
"Aggressive Elimination",50,75,90,1,3.75,13.55,287.04
"Aggressive Elimination",50,90,60,0,2.5,5.41,227.34
"Aggressive Elimination",50,90,60,0,3.125,8.43,384.57
"Aggressive Elimination",50,90,60,0,3.75,13.43,607.07
"Aggressive Elimination",50,90,60,1,2.5,6.45,66.97
"Aggressive Elimination",50,90,60,1,3.125,10.58,142.2
"Aggressive Elimination",50,90,60,1,3.75,19.99,330.48
"Aggressive Elimination",50,90,75,0,2.5,4.58,210.79
"Aggressive Elimination",50,90,75,0,3.125,6.84,336.46
"Aggressive Elimination",50,90,75,0,3.75,10.75,546.1
"Aggressive Elimination",50,90,75,1,2.5,5.1,66.39
"Aggressive Elimination",50,90,75,1,3.125,8.24,136.5
"Aggressive Elimination",50,90,75,1,3.75,14.63,295.78
"Aggressive Elimination",50,90,90,0,2.5,3.86,188.39
"Aggressive Elimination",50,90,90,0,3.125,5.6,295.18
"Aggressive Elimination",50,90,90,0,3.75,9.48,509.8
"Aggressive Elimination",50,90,90,1,2.5,3.94,66.78
"Aggressive Elimination",50,90,90,1,3.125,6.22,121.89
"Aggressive Elimination",50,90,90,1,3.75,11.36,272.9
"Aggressive Elimination",75,50,60,0,2.5,6.18,264.72
"Aggressive Elimination",75,50,60,0,3.125,9.14,385.98
"Aggressive Elimination",75,50,60,0,3.75,14.06,608.5
"Aggressive Elimination",75,50,60,1,2.5,7.35,67.19
"Aggressive Elimination",75,50,60,1,3.125,13,129.65
"Aggressive Elimination",75,50,60,1,3.75,23.86,359.38
"Aggressive Elimination",75,50,75,0,2.5,5.19,250.37
"Aggressive Elimination",75,50,75,0,3.125,7.46,363.4
"Aggressive Elimination",75,50,75,0,3.75,11.48,546.48
"Aggressive Elimination",75,50,75,1,2.5,5.9,64.79
"Aggressive Elimination",75,50,75,1,3.125,9.76,119.47
"Aggressive Elimination",75,50,75,1,3.75,17.83,287.47
"Aggressive Elimination",75,50,90,0,2.5,4.19,218.3
"Aggressive Elimination",75,50,90,0,3.125,6.23,344.28
"Aggressive Elimination",75,50,90,0,3.75,9.84,526.64
"Aggressive Elimination",75,50,90,1,2.5,4.61,64.13
"Aggressive Elimination",75,50,90,1,3.125,7.46,112.24
"Aggressive Elimination",75,50,90,1,3.75,13.14,261.09
"Aggressive Elimination",75,75,60,0,2.5,5.66,241.82
"Aggressive Elimination",75,75,60,0,3.125,8.2,351.2
"Aggressive Elimination",75,75,60,0,3.75,13.2,575.25
"Aggressive Elimination",75,75,60,1,2.5,6.35,66.75
"Aggressive Elimination",75,75,60,1,3.125,10.74,124.4
"Aggressive Elimination",75,75,60,1,3.75,19.46,310.97
"Aggressive Elimination",75,75,75,0,2.5,4.64,215.5
"Aggressive Elimination",75,75,75,0,3.125,6.77,325.48
"Aggressive Elimination",75,75,75,0,3.75,10.44,511.69
"Aggressive Elimination",75,75,75,1,2.5,5.07,64.29
"Aggressive Elimination",75,75,75,1,3.125,8.23,117.51
"Aggressive Elimination",75,75,75,1,3.75,13.91,253.12
"Aggressive Elimination",75,75,90,0,2.5,3.7,192.17
"Aggressive Elimination",75,75,90,0,3.125,5.57,300.75
"Aggressive Elimination",75,75,90,0,3.75,8.79,478.36
"Aggressive Elimination",75,75,90,1,2.5,3.89,64.13
"Aggressive Elimination",75,75,90,1,3.125,6.12,110.35
"Aggressive Elimination",75,75,90,1,3.75,10.62,241.56
"Aggressive Elimination",75,90,60,0,2.5,5.23,213.22
"Aggressive Elimination",75,90,60,0,3.125,7.55,327.21
"Aggressive Elimination",75,90,60,0,3.75,12.3,554.46
"Aggressive Elimination",75,90,60,1,2.5,5.74,66.91
"Aggressive Elimination",75,90,60,1,3.125,9.24,122.38
"Aggressive Elimination",75,90,60,1,3.75,17.06,286.67
"Aggressive Elimination",75,90,75,0,2.5,4.23,193.86
"Aggressive Elimination",75,90,75,0,3.125,6.18,293.62
"Aggressive Elimination",75,90,75,0,3.75,9.59,473.14
"Aggressive Elimination",75,90,75,1,2.5,4.47,64.94
"Aggressive Elimination",75,90,75,1,3.125,7.01,116.88
"Aggressive Elimination",75,90,75,1,3.75,11.71,237.07
"Aggressive Elimination",75,90,90,0,2.5,3.39,153.82
"Aggressive Elimination",75,90,90,0,3.125,5.03,256
"Aggressive Elimination",75,90,90,0,3.75,8.11,431.32
"Aggressive Elimination",75,90,90,1,2.5,3.47,64.6
"Aggressive Elimination",75,90,90,1,3.125,5.43,109.98
"Aggressive Elimination",75,90,90,1,3.75,9.25,235.97
"Aggressive Elimination",90,50,60,0,2.5,5.76,240.97
"Aggressive Elimination",90,50,60,0,3.125,8.34,361.05
"Aggressive Elimination",90,50,60,0,3.75,12.92,574.14
"Aggressive Elimination",90,50,60,1,2.5,6.79,64.48
"Aggressive Elimination",90,50,60,1,3.125,11.18,117.23
"Aggressive Elimination",90,50,60,1,3.75,20.89,297.99
"Aggressive Elimination",90,50,75,0,2.5,4.77,223.37
"Aggressive Elimination",90,50,75,0,3.125,6.97,326.2
"Aggressive Elimination",90,50,75,0,3.75,10.82,517.54
"Aggressive Elimination",90,50,75,1,2.5,5.34,63.64
"Aggressive Elimination",90,50,75,1,3.125,8.34,110.62
"Aggressive Elimination",90,50,75,1,3.75,15.08,244.58
"Aggressive Elimination",90,50,90,0,2.5,3.87,203.38
"Aggressive Elimination",90,50,90,0,3.125,5.54,295.03
"Aggressive Elimination",90,50,90,0,3.75,8.81,468.57
"Aggressive Elimination",90,50,90,1,2.5,4.15,62.4
"Aggressive Elimination",90,50,90,1,3.125,6.21,103.36
"Aggressive Elimination",90,50,90,1,3.75,11.03,212.33
"Aggressive Elimination",90,75,60,0,2.5,5.27,223.07
"Aggressive Elimination",90,75,60,0,3.125,7.7,331.75
"Aggressive Elimination",90,75,60,0,3.75,12.02,547.46
"Aggressive Elimination",90,75,60,1,2.5,5.96,64.03
"Aggressive Elimination",90,75,60,1,3.125,9.55,116
"Aggressive Elimination",90,75,60,1,3.75,17.28,263.74
"Aggressive Elimination",90,75,75,0,2.5,4.35,195.04
"Aggressive Elimination",90,75,75,0,3.125,6.15,292.23
"Aggressive Elimination",90,75,75,0,3.75,9.82,480.3
"Aggressive Elimination",90,75,75,1,2.5,4.61,63.64
"Aggressive Elimination",90,75,75,1,3.125,7.01,108.53
"Aggressive Elimination",90,75,75,1,3.75,12.48,230.84
"Aggressive Elimination",90,75,90,0,2.5,3.51,172.52
"Aggressive Elimination",90,75,90,0,3.125,5.02,258.47
"Aggressive Elimination",90,75,90,0,3.75,8,424.42
"Aggressive Elimination",90,75,90,1,2.5,3.61,62.4
"Aggressive Elimination",90,75,90,1,3.125,5.31,104.38
"Aggressive Elimination",90,75,90,1,3.75,9.26,205.98
"Aggressive Elimination",90,90,60,0,2.5,4.82,196.66
"Aggressive Elimination",90,90,60,0,3.125,6.94,306.63
"Aggressive Elimination",90,90,60,0,3.75,11.3,510.16
"Aggressive Elimination",90,90,60,1,2.5,5.33,64.92
"Aggressive Elimination",90,90,60,1,3.125,8.38,114.06
"Aggressive Elimination",90,90,60,1,3.75,15.15,255
"Aggressive Elimination",90,90,75,0,2.5,3.92,170.99
"Aggressive Elimination",90,90,75,0,3.125,5.67,259.97
"Aggressive Elimination",90,90,75,0,3.75,8.97,433.67
"Aggressive Elimination",90,90,75,1,2.5,4.23,64.1
"Aggressive Elimination",90,90,75,1,3.125,6.13,109.39
"Aggressive Elimination",90,90,75,1,3.75,10.7,224.59
"Aggressive Elimination",90,90,90,0,2.5,3.22,142.02
"Aggressive Elimination",90,90,90,0,3.125,4.55,214.28
"Aggressive Elimination",90,90,90,0,3.75,7.39,374.05
"Aggressive Elimination",90,90,90,1,2.5,3.33,62.4
"Aggressive Elimination",90,90,90,1,3.125,4.83,102.83
"Aggressive Elimination",90,90,90,1,3.75,8.17,201.63
"Loose Suppression",50,50,60,0,2.5,96.31,0
"Loose Suppression",50,50,60,0,3.125,951.95,243
"Loose Suppression",50,50,60,0,3.75,1354.72,380.64
"Loose Suppression",50,50,60,1,2.5,199.68,1.03
"Loose Suppression",50,50,60,1,3.125,3498.31,180.62
"Loose Suppression",50,50,60,1,3.75,4722.89,349.81
"Loose Suppression",50,50,75,0,2.5,67.06,0.9
"Loose Suppression",50,50,75,0,3.125,704.16,187.47
"Loose Suppression",50,50,75,0,3.75,1157.21,357.96
"Loose Suppression",50,50,75,1,2.5,101.6,0.76
"Loose Suppression",50,50,75,1,3.125,2452,149.46
"Loose Suppression",50,50,75,1,3.75,3853.37,336.63
"Loose Suppression",50,50,90,0,2.5,39.78,0
"Loose Suppression",50,50,90,0,3.125,515.67,145.74
"Loose Suppression",50,50,90,0,3.75,952.23,325.82
"Loose Suppression",50,50,90,1,2.5,51.37,0
"Loose Suppression",50,50,90,1,3.125,1516.63,116.2
"Loose Suppression",50,50,90,1,3.75,3126.52,319.57
"Loose Suppression",50,75,60,0,2.5,73.18,0
"Loose Suppression",50,75,60,0,3.125,793.29,174.85
"Loose Suppression",50,75,60,0,3.75,1256.24,329.73
"Loose Suppression",50,75,60,1,2.5,106.13,0
"Loose Suppression",50,75,60,1,3.125,2357.53,131.51
"Loose Suppression",50,75,60,1,3.75,4177.29,328.13
"Loose Suppression",50,75,75,0,2.5,39.52,0
"Loose Suppression",50,75,75,0,3.125,568.65,145.03
"Loose Suppression",50,75,75,0,3.75,1052.9,294.4
"Loose Suppression",50,75,75,1,2.5,44.66,0
"Loose Suppression",50,75,75,1,3.125,1410.84,105.23
"Loose Suppression",50,75,75,1,3.75,3167.16,271.66
"Loose Suppression",50,75,90,0,2.5,27.43,0
"Loose Suppression",50,75,90,0,3.125,413.59,113.35
"Loose Suppression",50,75,90,0,3.75,770.23,210.43
"Loose Suppression",50,75,90,1,2.5,28.52,0
"Loose Suppression",50,75,90,1,3.125,964.97,80.67
"Loose Suppression",50,75,90,1,3.75,2138.21,223.25
"Loose Suppression",50,90,60,0,2.5,46.34,0
"Loose Suppression",50,90,60,0,3.125,697.73,156.47
"Loose Suppression",50,90,60,0,3.75,1139.43,283.33
"Loose Suppression",50,90,60,1,2.5,59.8,0
"Loose Suppression",50,90,60,1,3.125,1710.24,118.24
"Loose Suppression",50,90,60,1,3.75,3827.65,277.74
"Loose Suppression",50,90,75,0,2.5,31.38,0
"Loose Suppression",50,90,75,0,3.125,508.01,127.04
"Loose Suppression",50,90,75,0,3.75,891.89,221.3
"Loose Suppression",50,90,75,1,2.5,33.09,0
"Loose Suppression",50,90,75,1,3.125,1136.41,89.31
"Loose Suppression",50,90,75,1,3.75,2353.52,216.35
"Loose Suppression",50,90,90,0,2.5,23.45,0
"Loose Suppression",50,90,90,0,3.125,362.53,88.17
"Loose Suppression",50,90,90,0,3.75,664.72,180.1
"Loose Suppression",50,90,90,1,2.5,23.68,0
"Loose Suppression",50,90,90,1,3.125,778.38,62.24
"Loose Suppression",50,90,90,1,3.75,1427.45,183.7
"Loose Suppression",75,50,60,0,2.5,61.81,0.62
"Loose Suppression",75,50,60,0,3.125,780.75,172.37
"Loose Suppression",75,50,60,0,3.75,1278.89,356.19
"Loose Suppression",75,50,60,1,2.5,95.23,0
"Loose Suppression",75,50,60,1,3.125,2861.72,132.14
"Loose Suppression",75,50,60,1,3.75,4658.05,336.76
"Loose Suppression",75,50,75,0,2.5,31.42,0
"Loose Suppression",75,50,75,0,3.125,565.42,127.26
"Loose Suppression",75,50,75,0,3.75,1070.69,323.14
"Loose Suppression",75,50,75,1,2.5,33.21,0
"Loose Suppression",75,50,75,1,3.125,1952.04,91.89
"Loose Suppression",75,50,75,1,3.75,3490.85,300.31
"Loose Suppression",75,50,90,0,2.5,18.81,0
"Loose Suppression",75,50,90,0,3.125,390.41,76.81
"Loose Suppression",75,50,90,0,3.75,820.2,260.14
"Loose Suppression",75,50,90,1,2.5,18.81,0
"Loose Suppression",75,50,90,1,3.125,1056.96,54.88
"Loose Suppression",75,50,90,1,3.75,2654.28,244.2
"Loose Suppression",75,75,60,0,2.5,40.42,0
"Loose Suppression",75,75,60,0,3.125,624.25,129.15
"Loose Suppression",75,75,60,0,3.75,1154.48,294.19
"Loose Suppression",75,75,60,1,2.5,43.13,0
"Loose Suppression",75,75,60,1,3.125,1899.45,94.54
"Loose Suppression",75,75,60,1,3.75,3995.21,286.22
"Loose Suppression",75,75,75,0,2.5,23.8,0
"Loose Suppression",75,75,75,0,3.125,459.38,90.48
"Loose Suppression",75,75,75,0,3.75,878.79,223.27
"Loose Suppression",75,75,75,1,2.5,23.8,0
"Loose Suppression",75,75,75,1,3.125,1208.54,62.92
"Loose Suppression",75,75,75,1,3.75,2577.73,219.3
"Loose Suppression",75,75,90,0,2.5,15.89,0
"Loose Suppression",75,75,90,0,3.125,306.67,59.35
"Loose Suppression",75,75,90,0,3.75,642.41,176.21
"Loose Suppression",75,75,90,1,2.5,15.89,0
"Loose Suppression",75,75,90,1,3.125,631.62,28.23
"Loose Suppression",75,75,90,1,3.75,1467.33,173.2
"Loose Suppression",75,90,60,0,2.5,36.72,0
"Loose Suppression",75,90,60,0,3.125,556.7,111.69
"Loose Suppression",75,90,60,0,3.75,1019.42,235.61
"Loose Suppression",75,90,60,1,2.5,40.22,0
"Loose Suppression",75,90,60,1,3.125,1554.23,76.97
"Loose Suppression",75,90,60,1,3.75,3230.1,229.51
"Loose Suppression",75,90,75,0,2.5,20.73,0
"Loose Suppression",75,90,75,0,3.125,393.88,70.07
"Loose Suppression",75,90,75,0,3.75,768.93,188.58
"Loose Suppression",75,90,75,1,2.5,20.73,0
"Loose Suppression",75,90,75,1,3.125,845.26,46.38
"Loose Suppression",75,90,75,1,3.75,1707.29,174.93
"Loose Suppression",75,90,90,0,2.5,14.77,0
"Loose Suppression",75,90,90,0,3.125,257.63,39.96
"Loose Suppression",75,90,90,0,3.75,585.38,174.67
"Loose Suppression",75,90,90,1,2.5,14.77,0
"Loose Suppression",75,90,90,1,3.125,460.03,24.69
"Loose Suppression",75,90,90,1,3.75,1077.21,160.71
"Loose Suppression",90,50,60,0,2.5,32.51,0
"Loose Suppression",90,50,60,0,3.125,669.16,131.24
"Loose Suppression",90,50,60,0,3.75,1207.65,322.17
"Loose Suppression",90,50,60,1,2.5,35.44,0
"Loose Suppression",90,50,60,1,3.125,2612.5,105.3
"Loose Suppression",90,50,60,1,3.75,4335.11,313.52
"Loose Suppression",90,50,75,0,2.5,19.7,0
"Loose Suppression",90,50,75,0,3.125,441.63,67.42
"Loose Suppression",90,50,75,0,3.75,968.84,265.7
"Loose Suppression",90,50,75,1,2.5,19.7,0
"Loose Suppression",90,50,75,1,3.125,1394.44,46.63
"Loose Suppression",90,50,75,1,3.75,3215.69,256.46
"Loose Suppression",90,50,90,0,2.5,13.65,0
"Loose Suppression",90,50,90,0,3.125,241.5,16.31
"Loose Suppression",90,50,90,0,3.75,714.55,204.78
"Loose Suppression",90,50,90,1,2.5,13.65,0
"Loose Suppression",90,50,90,1,3.125,569.92,14.56
"Loose Suppression",90,50,90,1,3.75,1887.32,182.24
"Loose Suppression",90,75,60,0,2.5,28.41,0
"Loose Suppression",90,75,60,0,3.125,540.9,92.5
"Loose Suppression",90,75,60,0,3.75,1031.76,243.08
"Loose Suppression",90,75,60,1,2.5,29.62,0
"Loose Suppression",90,75,60,1,3.125,1588.46,65.07
"Loose Suppression",90,75,60,1,3.75,3601.2,250.65
"Loose Suppression",90,75,75,0,2.5,17.37,0
"Loose Suppression",90,75,75,0,3.125,352.11,42.95
"Loose Suppression",90,75,75,0,3.75,780.63,198.72
"Loose Suppression",90,75,75,1,2.5,17.37,0
"Loose Suppression",90,75,75,1,3.125,802.62,26.68
"Loose Suppression",90,75,75,1,3.75,1866.32,179.99
"Loose Suppression",90,75,90,0,2.5,12.37,0
"Loose Suppression",90,75,90,0,3.125,186.94,15.53
"Loose Suppression",90,75,90,0,3.75,569,167.59
"Loose Suppression",90,75,90,1,2.5,12.37,0
"Loose Suppression",90,75,90,1,3.125,346.44,8.55
"Loose Suppression",90,75,90,1,3.75,1040.51,149.02
"Loose Suppression",90,90,60,0,2.5,26.11,0
"Loose Suppression",90,90,60,0,3.125,468,68.94
"Loose Suppression",90,90,60,0,3.75,906.69,196.07
"Loose Suppression",90,90,60,1,2.5,31.62,0
"Loose Suppression",90,90,60,1,3.125,1245.08,45.23
"Loose Suppression",90,90,60,1,3.75,2642.36,195.78
"Loose Suppression",90,90,75,0,2.5,15.76,0
"Loose Suppression",90,90,75,0,3.125,291.25,29.77
"Loose Suppression",90,90,75,0,3.75,680.92,174.85
"Loose Suppression",90,90,75,1,2.5,15.76,0
"Loose Suppression",90,90,75,1,3.125,509.66,20.12
"Loose Suppression",90,90,75,1,3.75,1308.8,164.44
"Loose Suppression",90,90,90,0,2.5,11.63,0
"Loose Suppression",90,90,90,0,3.125,160.19,10.71
"Loose Suppression",90,90,90,0,3.75,532.61,158.64
"Loose Suppression",90,90,90,1,2.5,11.63,0
"Loose Suppression",90,90,90,1,3.125,237.32,4.71
"Loose Suppression",90,90,90,1,3.75,906.95,143.29
"Moderate Elimination",50,50,60,0,2.5,9.95,23.91
"Moderate Elimination",50,50,60,0,3.125,21.45,141.55
"Moderate Elimination",50,50,60,0,3.75,37.63,452.8
"Moderate Elimination",50,50,60,1,2.5,12.63,1.78
"Moderate Elimination",50,50,60,1,3.125,30.51,20.77
"Moderate Elimination",50,50,60,1,3.75,102.33,277.22
"Moderate Elimination",50,50,75,0,2.5,8.53,16.29
"Moderate Elimination",50,50,75,0,3.125,17.57,109.94
"Moderate Elimination",50,50,75,0,3.75,32.21,404.65
"Moderate Elimination",50,50,75,1,2.5,10.5,2.23
"Moderate Elimination",50,50,75,1,3.125,22.14,17.15
"Moderate Elimination",50,50,75,1,3.75,71.5,205.56
"Moderate Elimination",50,50,90,0,2.5,6.79,11.14
"Moderate Elimination",50,50,90,0,3.125,15.05,82.72
"Moderate Elimination",50,50,90,0,3.75,26.29,334.74
"Moderate Elimination",50,50,90,1,2.5,8.11,0.91
"Moderate Elimination",50,50,90,1,3.125,18.34,19.37
"Moderate Elimination",50,50,90,1,3.75,49.21,161.43
"Moderate Elimination",50,75,60,0,2.5,9.03,10.17
"Moderate Elimination",50,75,60,0,3.125,18.92,88.52
"Moderate Elimination",50,75,60,0,3.75,35.39,377.82
"Moderate Elimination",50,75,60,1,2.5,10.92,1.78
"Moderate Elimination",50,75,60,1,3.125,24.54,20.91
"Moderate Elimination",50,75,60,1,3.75,67.57,188.89
"Moderate Elimination",50,75,75,0,2.5,7.54,7.79
"Moderate Elimination",50,75,75,0,3.125,15.35,61.85
"Moderate Elimination",50,75,75,0,3.75,29.02,312.03
"Moderate Elimination",50,75,75,1,2.5,8.56,1.78
"Moderate Elimination",50,75,75,1,3.125,18.88,16.06
"Moderate Elimination",50,75,75,1,3.75,47.32,148.89
"Moderate Elimination",50,75,90,0,2.5,5.9,1.36
"Moderate Elimination",50,75,90,0,3.125,12.98,51.43
"Moderate Elimination",50,75,90,0,3.75,24.1,259.64
"Moderate Elimination",50,75,90,1,2.5,6.54,0.91
"Moderate Elimination",50,75,90,1,3.125,14.93,18.93
"Moderate Elimination",50,75,90,1,3.75,33.81,123.85
"Moderate Elimination",50,90,60,0,2.5,8.06,4.08
"Moderate Elimination",50,90,60,0,3.125,17.39,68.24
"Moderate Elimination",50,90,60,0,3.75,33.12,312.24
"Moderate Elimination",50,90,60,1,2.5,9.58,1.78
"Moderate Elimination",50,90,60,1,3.125,22.05,19.63
"Moderate Elimination",50,90,60,1,3.75,56.85,167.44
"Moderate Elimination",50,90,75,0,2.5,6.74,2.7
"Moderate Elimination",50,90,75,0,3.125,13.89,43.43
"Moderate Elimination",50,90,75,0,3.75,26.76,245.05
"Moderate Elimination",50,90,75,1,2.5,7.46,1.78
"Moderate Elimination",50,90,75,1,3.125,15.98,15.6
"Moderate Elimination",50,90,75,1,3.75,39.3,138.25
"Moderate Elimination",50,90,90,0,2.5,5.51,1.36
"Moderate Elimination",50,90,90,0,3.125,11.86,40.6
"Moderate Elimination",50,90,90,0,3.75,21.95,202.73
"Moderate Elimination",50,90,90,1,2.5,5.91,0.91
"Moderate Elimination",50,90,90,1,3.125,13.14,19.39
"Moderate Elimination",50,90,90,1,3.75,28.78,111.61
"Moderate Elimination",75,50,60,0,2.5,8.89,16
"Moderate Elimination",75,50,60,0,3.125,18.51,100.61
"Moderate Elimination",75,50,60,0,3.75,34.01,379.84
"Moderate Elimination",75,50,60,1,2.5,10.96,0.45
"Moderate Elimination",75,50,60,1,3.125,23.7,16.9
"Moderate Elimination",75,50,60,1,3.75,76.53,174.37
"Moderate Elimination",75,50,75,0,2.5,7.17,8.87
"Moderate Elimination",75,50,75,0,3.125,15.13,70.05
"Moderate Elimination",75,50,75,0,3.75,28.06,309.38
"Moderate Elimination",75,50,75,1,2.5,8.46,0.9
"Moderate Elimination",75,50,75,1,3.125,18.79,14.77
"Moderate Elimination",75,50,75,1,3.75,48.16,126.76
"Moderate Elimination",75,50,90,0,2.5,6.09,4.75
"Moderate Elimination",75,50,90,0,3.125,11.8,44.08
"Moderate Elimination",75,50,90,0,3.75,23.13,232.92
"Moderate Elimination",75,50,90,1,2.5,6.62,0.45
"Moderate Elimination",75,50,90,1,3.125,13.99,12.29
"Moderate Elimination",75,50,90,1,3.75,31.66,89.48
"Moderate Elimination",75,75,60,0,2.5,7.84,3.49
"Moderate Elimination",75,75,60,0,3.125,16.31,56.86
"Moderate Elimination",75,75,60,0,3.75,31.13,294.47
"Moderate Elimination",75,75,60,1,2.5,9.36,0.45
"Moderate Elimination",75,75,60,1,3.125,20.57,16.44
"Moderate Elimination",75,75,60,1,3.75,51.21,134.6
"Moderate Elimination",75,75,75,0,2.5,6.41,2.74
"Moderate Elimination",75,75,75,0,3.125,13.23,42.47
"Moderate Elimination",75,75,75,0,3.75,25.17,212.97
"Moderate Elimination",75,75,75,1,2.5,7.2,0.9
"Moderate Elimination",75,75,75,1,3.125,15.91,15.22
"Moderate Elimination",75,75,75,1,3.75,35.38,103.29
"Moderate Elimination",75,75,90,0,2.5,5.39,1.81
"Moderate Elimination",75,75,90,0,3.125,10.46,24.06
"Moderate Elimination",75,75,90,0,3.75,20.55,165.97
"Moderate Elimination",75,75,90,1,2.5,5.73,0.45
"Moderate Elimination",75,75,90,1,3.125,11.6,12.29
"Moderate Elimination",75,75,90,1,3.75,25.77,80.91
"Moderate Elimination",75,90,60,0,2.5,7.34,3.18
"Moderate Elimination",75,90,60,0,3.125,15.23,44.29
"Moderate Elimination",75,90,60,0,3.75,28.8,238.61
"Moderate Elimination",75,90,60,1,2.5,8.21,0.45
"Moderate Elimination",75,90,60,1,3.125,17.67,16.44
"Moderate Elimination",75,90,60,1,3.75,43.03,120.38
"Moderate Elimination",75,90,75,0,2.5,5.86,0.9
"Moderate Elimination",75,90,75,0,3.125,12.41,33.73
"Moderate Elimination",75,90,75,0,3.75,22.85,174.06
"Moderate Elimination",75,90,75,1,2.5,6.48,0.9
"Moderate Elimination",75,90,75,1,3.125,13.76,14.77
"Moderate Elimination",75,90,75,1,3.75,30.52,98.76
"Moderate Elimination",75,90,90,0,2.5,5.02,0.91
"Moderate Elimination",75,90,90,0,3.125,9.57,21.22
"Moderate Elimination",75,90,90,0,3.75,19.02,143.01
"Moderate Elimination",75,90,90,1,2.5,5.17,0.45
"Moderate Elimination",75,90,90,1,3.125,10.38,12.29
"Moderate Elimination",75,90,90,1,3.75,22.56,77.34
"Moderate Elimination",90,50,60,0,2.5,8.25,11.92
"Moderate Elimination",90,50,60,0,3.125,16.86,67.04
"Moderate Elimination",90,50,60,0,3.75,31.12,303.57
"Moderate Elimination",90,50,60,1,2.5,9.79,0.89
"Moderate Elimination",90,50,60,1,3.125,20.78,12.31
"Moderate Elimination",90,50,60,1,3.75,55.16,116.61
"Moderate Elimination",90,50,75,0,2.5,6.57,5.7
"Moderate Elimination",90,50,75,0,3.125,12.9,34.66
"Moderate Elimination",90,50,75,0,3.75,24.92,222.96
"Moderate Elimination",90,50,75,1,2.5,7.51,1.32
"Moderate Elimination",90,50,75,1,3.125,14.83,11.58
"Moderate Elimination",90,50,75,1,3.75,34.44,82.41
"Moderate Elimination",90,50,90,0,2.5,5.37,0.87
"Moderate Elimination",90,50,90,0,3.125,10.2,23.99
"Moderate Elimination",90,50,90,0,3.75,19.99,157.51
"Moderate Elimination",90,50,90,1,2.5,5.9,0
"Moderate Elimination",90,50,90,1,3.125,11.51,9.87
"Moderate Elimination",90,50,90,1,3.75,24.87,66.48
"Moderate Elimination",90,75,60,0,2.5,7.38,4.17
"Moderate Elimination",90,75,60,0,3.125,14.9,40.15
"Moderate Elimination",90,75,60,0,3.75,28.54,238.15
"Moderate Elimination",90,75,60,1,2.5,8.2,0.89
"Moderate Elimination",90,75,60,1,3.125,17.36,12.74
"Moderate Elimination",90,75,60,1,3.75,42.69,104.14
"Moderate Elimination",90,75,75,0,2.5,5.96,2.69
"Moderate Elimination",90,75,75,0,3.125,11.36,21.07
"Moderate Elimination",90,75,75,0,3.75,22.08,150.89
"Moderate Elimination",90,75,75,1,2.5,6.43,1.32
"Moderate Elimination",90,75,75,1,3.125,12.47,11.58
"Moderate Elimination",90,75,75,1,3.75,28.44,77.39
"Moderate Elimination",90,75,90,0,2.5,4.81,0.46
"Moderate Elimination",90,75,90,0,3.125,9.12,14.43
"Moderate Elimination",90,75,90,0,3.75,17.81,115.6
"Moderate Elimination",90,75,90,1,2.5,5.11,0
"Moderate Elimination",90,75,90,1,3.125,9.96,9.87
"Moderate Elimination",90,75,90,1,3.75,20.5,65.32
"Moderate Elimination",90,90,60,0,2.5,6.62,1.76
"Moderate Elimination",90,90,60,0,3.125,13.47,27.28
"Moderate Elimination",90,90,60,0,3.75,26.9,195.32
"Moderate Elimination",90,90,60,1,2.5,7.44,0.89
"Moderate Elimination",90,90,60,1,3.125,15.66,12.31
"Moderate Elimination",90,90,60,1,3.75,36.33,94.04
"Moderate Elimination",90,90,75,0,2.5,5.37,1.32
"Moderate Elimination",90,90,75,0,3.125,10.19,16.01
"Moderate Elimination",90,90,75,0,3.75,20.33,122.83
"Moderate Elimination",90,90,75,1,2.5,5.75,1.32
"Moderate Elimination",90,90,75,1,3.125,11.23,11.58
"Moderate Elimination",90,90,75,1,3.75,24.85,73.47
"Moderate Elimination",90,90,90,0,2.5,4.36,0
"Moderate Elimination",90,90,90,0,3.125,8.49,13.73
"Moderate Elimination",90,90,90,0,3.75,16.46,103.86
"Moderate Elimination",90,90,90,1,2.5,4.61,0
"Moderate Elimination",90,90,90,1,3.125,8.92,9.87
"Moderate Elimination",90,90,90,1,3.75,18.24,65.74
"Tight Suppression",50,50,60,0,2.5,55.94,1.6
"Tight Suppression",50,50,60,0,3.125,204.01,200.53
"Tight Suppression",50,50,60,0,3.75,275.64,374.14
"Tight Suppression",50,50,60,1,2.5,90.24,0.88
"Tight Suppression",50,50,60,1,3.125,697.43,203.63
"Tight Suppression",50,50,60,1,3.75,919.66,381.52
"Tight Suppression",50,50,75,0,2.5,37.48,0.44
"Tight Suppression",50,50,75,0,3.125,161.4,157.5
"Tight Suppression",50,50,75,0,3.75,237.1,341.14
"Tight Suppression",50,50,75,1,2.5,54.14,0
"Tight Suppression",50,50,75,1,3.125,452.31,144.75
"Tight Suppression",50,50,75,1,3.75,731.38,356.24
"Tight Suppression",50,50,90,0,2.5,27.98,0
"Tight Suppression",50,50,90,0,3.125,126.93,130.45
"Tight Suppression",50,50,90,0,3.75,202.78,312.11
"Tight Suppression",50,50,90,1,2.5,33.48,0
"Tight Suppression",50,50,90,1,3.125,314.9,113.93
"Tight Suppression",50,50,90,1,3.75,578.79,337.4
"Tight Suppression",50,75,60,0,2.5,41.07,0.83
"Tight Suppression",50,75,60,0,3.125,178.36,162.18
"Tight Suppression",50,75,60,0,3.75,258.53,329
"Tight Suppression",50,75,60,1,2.5,55.23,0.52
"Tight Suppression",50,75,60,1,3.125,425.71,134.84
"Tight Suppression",50,75,60,1,3.75,786.98,345.99
"Tight Suppression",50,75,75,0,2.5,29.58,0.65
"Tight Suppression",50,75,75,0,3.125,132.45,125.72
"Tight Suppression",50,75,75,0,3.75,214.96,268.9
"Tight Suppression",50,75,75,1,2.5,33.04,0
"Tight Suppression",50,75,75,1,3.125,281.29,109.18
"Tight Suppression",50,75,75,1,3.75,576.17,281.53
"Tight Suppression",50,75,90,0,2.5,23.31,0.5
"Tight Suppression",50,75,90,0,3.125,103.46,100.43
"Tight Suppression",50,75,90,0,3.75,175.15,214.61
"Tight Suppression",50,75,90,1,2.5,25.22,0
"Tight Suppression",50,75,90,1,3.125,183.42,84.17
"Tight Suppression",50,75,90,1,3.75,401.95,241.11
"Tight Suppression",50,90,60,0,2.5,36.38,0.74
"Tight Suppression",50,90,60,0,3.125,151.43,134.52
"Tight Suppression",50,90,60,0,3.75,237.03,273.56
"Tight Suppression",50,90,60,1,2.5,41.33,0
"Tight Suppression",50,90,60,1,3.125,342.2,123.81
"Tight Suppression",50,90,60,1,3.75,664.42,293.56
"Tight Suppression",50,90,75,0,2.5,25.94,1.22
"Tight Suppression",50,90,75,0,3.125,118.24,113.19
"Tight Suppression",50,90,75,0,3.75,190.96,205.01
"Tight Suppression",50,90,75,1,2.5,30.68,0
"Tight Suppression",50,90,75,1,3.125,226.82,92.39
"Tight Suppression",50,90,75,1,3.75,459.75,232.17
"Tight Suppression",50,90,90,0,2.5,19.59,0
"Tight Suppression",50,90,90,0,3.125,93.64,92.41
"Tight Suppression",50,90,90,0,3.75,153.04,179.12
"Tight Suppression",50,90,90,1,2.5,22.03,0
"Tight Suppression",50,90,90,1,3.125,148.26,80.47
"Tight Suppression",50,90,90,1,3.75,288.78,198.48
"Tight Suppression",75,50,60,0,2.5,40.97,0
"Tight Suppression",75,50,60,0,3.125,180.45,155.03
"Tight Suppression",75,50,60,0,3.75,261.06,336.29
"Tight Suppression",75,50,60,1,2.5,49.18,0
"Tight Suppression",75,50,60,1,3.125,523.61,129.72
"Tight Suppression",75,50,60,1,3.75,846.78,349.08
"Tight Suppression",75,50,75,0,2.5,26.86,0
"Tight Suppression",75,50,75,0,3.125,132.89,105.29
"Tight Suppression",75,50,75,0,3.75,226.38,303.73
"Tight Suppression",75,50,75,1,2.5,29.99,0.45
"Tight Suppression",75,50,75,1,3.125,331.58,90.44
"Tight Suppression",75,50,75,1,3.75,641.78,306.08
"Tight Suppression",75,50,90,0,2.5,18.55,0
"Tight Suppression",75,50,90,0,3.125,99.66,68.46
"Tight Suppression",75,50,90,0,3.75,181.72,233.36
"Tight Suppression",75,50,90,1,2.5,18.61,0
"Tight Suppression",75,50,90,1,3.125,212.01,59.29
"Tight Suppression",75,50,90,1,3.75,488.88,251.15
"Tight Suppression",75,75,60,0,2.5,32.55,1.65
"Tight Suppression",75,75,60,0,3.125,145.93,109.88
"Tight Suppression",75,75,60,0,3.75,244.01,280.99
"Tight Suppression",75,75,60,1,2.5,36.59,0
"Tight Suppression",75,75,60,1,3.125,369.42,96.13
"Tight Suppression",75,75,60,1,3.75,691.77,291.49
"Tight Suppression",75,75,75,0,2.5,21.84,0
"Tight Suppression",75,75,75,0,3.125,109.99,79.01
"Tight Suppression",75,75,75,0,3.75,198.93,213.09
"Tight Suppression",75,75,75,1,2.5,23.43,0
"Tight Suppression",75,75,75,1,3.125,197.05,66.08
"Tight Suppression",75,75,75,1,3.75,496.14,223.29
"Tight Suppression",75,75,90,0,2.5,15.58,0
"Tight Suppression",75,75,90,0,3.125,85.24,57.84
"Tight Suppression",75,75,90,0,3.75,147.55,172.82
"Tight Suppression",75,75,90,1,2.5,15.74,0
"Tight Suppression",75,75,90,1,3.125,135.59,41.93
"Tight Suppression",75,75,90,1,3.75,277.59,166.4
"Tight Suppression",75,90,60,0,2.5,28.47,0
"Tight Suppression",75,90,60,0,3.125,131.17,102.37
"Tight Suppression",75,90,60,0,3.75,216.79,216.6
"Tight Suppression",75,90,60,1,2.5,32.4,0
"Tight Suppression",75,90,60,1,3.125,269.73,89.31
"Tight Suppression",75,90,60,1,3.75,556.41,233.7
"Tight Suppression",75,90,75,0,2.5,19.77,0
"Tight Suppression",75,90,75,0,3.125,99.96,71.91
"Tight Suppression",75,90,75,0,3.75,168.42,181.76
"Tight Suppression",75,90,75,1,2.5,21.06,0
"Tight Suppression",75,90,75,1,3.125,169.14,58.38
"Tight Suppression",75,90,75,1,3.75,324,182.6
"Tight Suppression",75,90,90,0,2.5,14.66,0
"Tight Suppression",75,90,90,0,3.125,79.09,46.55
"Tight Suppression",75,90,90,0,3.75,134.36,165.58
"Tight Suppression",75,90,90,1,2.5,14.52,0
"Tight Suppression",75,90,90,1,3.125,112.69,39.66
"Tight Suppression",75,90,90,1,3.75,195.9,158.52
"Tight Suppression",90,50,60,0,2.5,28.16,0
"Tight Suppression",90,50,60,0,3.125,156.68,91.29
"Tight Suppression",90,50,60,0,3.75,256.67,321.12
"Tight Suppression",90,50,60,1,2.5,30.44,0
"Tight Suppression",90,50,60,1,3.125,444.27,96.72
"Tight Suppression",90,50,60,1,3.75,815.05,342.88
"Tight Suppression",90,50,75,0,2.5,19.26,0
"Tight Suppression",90,50,75,0,3.125,113.05,55.38
"Tight Suppression",90,50,75,0,3.75,205.25,232.99
"Tight Suppression",90,50,75,1,2.5,19.81,0
"Tight Suppression",90,50,75,1,3.125,245.07,44.51
"Tight Suppression",90,50,75,1,3.75,578.21,257.1
"Tight Suppression",90,50,90,0,2.5,13.66,0
"Tight Suppression",90,50,90,0,3.125,75.4,25.01
"Tight Suppression",90,50,90,0,3.75,154.62,164.18
"Tight Suppression",90,50,90,1,2.5,13.66,0
"Tight Suppression",90,50,90,1,3.125,113.3,18.83
"Tight Suppression",90,50,90,1,3.75,369.68,184.48
"Tight Suppression",90,75,60,0,2.5,25.22,0
"Tight Suppression",90,75,60,0,3.125,132.07,83.52
"Tight Suppression",90,75,60,0,3.75,231.92,238.95
"Tight Suppression",90,75,60,1,2.5,26.54,0
"Tight Suppression",90,75,60,1,3.125,279.63,68.99
"Tight Suppression",90,75,60,1,3.75,645.48,261.3
"Tight Suppression",90,75,75,0,2.5,16.77,0
"Tight Suppression",90,75,75,0,3.125,96.49,43.73
"Tight Suppression",90,75,75,0,3.75,171.7,170.33
"Tight Suppression",90,75,75,1,2.5,16.97,0
"Tight Suppression",90,75,75,1,3.125,150.74,36.25
"Tight Suppression",90,75,75,1,3.75,376.41,182.46
"Tight Suppression",90,75,90,0,2.5,12.34,0
"Tight Suppression",90,75,90,0,3.125,66.09,22.53
"Tight Suppression",90,75,90,0,3.75,134.14,155.34
"Tight Suppression",90,75,90,1,2.5,12.34,0
"Tight Suppression",90,75,90,1,3.125,85.72,17.19
"Tight Suppression",90,75,90,1,3.75,206.22,141.96
"Tight Suppression",90,90,60,0,2.5,22.81,0.45
"Tight Suppression",90,90,60,0,3.125,116.04,73.34
"Tight Suppression",90,90,60,0,3.75,206.28,194.55
"Tight Suppression",90,90,60,1,2.5,23.85,0
"Tight Suppression",90,90,60,1,3.125,215.73,64.71
"Tight Suppression",90,90,60,1,3.75,471.89,206.25
"Tight Suppression",90,90,75,0,2.5,15.43,0
"Tight Suppression",90,90,75,0,3.125,87.15,41.4
"Tight Suppression",90,90,75,0,3.75,155.08,164.92
"Tight Suppression",90,90,75,1,2.5,15.23,0
"Tight Suppression",90,90,75,1,3.125,128.72,31.89
"Tight Suppression",90,90,75,1,3.75,255.48,166.46
"Tight Suppression",90,90,90,0,2.5,11.57,0
"Tight Suppression",90,90,90,0,3.125,61.3,18.84
"Tight Suppression",90,90,90,0,3.75,124.73,150.3
"Tight Suppression",90,90,90,1,2.5,11.57,0
"Tight Suppression",90,90,90,1,3.125,75.49,9.86
"Tight Suppression",90,90,90,1,3.75,167.8,140.28
